,mobiles,price
0,SHINESTAR. Back Cover for Samsung Galaxy A14 5G,₹149
1,Flipkart SmartBuy Back Cover for Mi Redmi Note 5 Pro,₹149
2,Flipkart SmartBuy Back Cover for Motorola G31,₹149
3,"Dainty TECH Back Cover for Samsung Galaxy F23, Samsung ...",₹169
4,Flipkart SmartBuy Back Cover for Honor 9 Lite,₹149
5,"SHINESTAR. Back Cover for Samsung Galaxy A13, Samsung G...",₹149
6,"Flipkart SmartBuy Back Cover for Apple iPhone 7, Apple ...",₹149
7,"Flipkart SmartBuy Back Cover for Realme C35, Realme Nar...",₹149
8,"Fashionury Back Cover for Nothing Phone (1), Nothing Ph...",₹149
9,"Fashionury Back Cover for Oppo A5 2020, Oppo A9 2020",₹149
10,Flipkart SmartBuy Back Cover for Oppo F17 Pro,₹149
11,Flipkart SmartBuy Back Cover for Realme Narzo 30 Pro 5G,₹149
12,"Flipkart SmartBuy Back Cover for Realme Narzo 10, Realm...",₹149
13,Fashionury Back Cover for Oppo F17,₹149
14,SHINESTAR. Back Cover for Samsung Galaxy F23 5G,₹149
15,Fashionury Back Cover for Realme Narzo 20A,₹149
16,Flipkart SmartBuy Back Cover for Asus Zenfone Max Pro M...,₹149
17,Aavatar Back Cover for Vivo Y91i,₹149
18,Flipkart SmartBuy Back Cover for Google Pixel 6a,₹149
19,Aarov Back Cover for Oppo F11,₹149
20,Fashionury Back Cover for Realme Narzo 30,₹149
21,"Flipkart SmartBuy Back Cover for Apple iPhone 7, Apple ...",₹149
22,Flipkart SmartBuy Back Cover for OnePlus Nord CE 2 Lite,₹149
23,Flipkart SmartBuy Back Cover for Oppo Reno 6 5G,₹149
24,Flipkart SmartBuy Back Cover for Realme Narzo 50A Prime,₹149
25,Power Back Cover for Mi Redmi Note 4,₹149
26,Nainz Back Cover for Realme Narzo 20A,₹149
27,"Flipkart SmartBuy Back Cover for Oppo K10, Oppo A76, Re...",₹149
28,GLOBAL NOMAD Back Cover for Vivo Z1 Pro,₹169
29,GLOBAL NOMAD Back Cover for Apple iPhone 6s,₹169
30,"Flipkart SmartBuy Back Cover for Mi Redmi 10, Redmi 10 ...",₹149
31,Flipkart SmartBuy Back Cover for Micromax in Note 1,₹149
32,Rahishi Back Cover for Vivo Y73 2021 OG Premium TPU,₹149
33,Flipkart SmartBuy Back Cover for Vivo V23 Pro 5G,₹149
34,Aarov Back Cover for Realme 2 Pro,₹149
35,"Flipkart SmartBuy Back Cover for Realme 2, Oppo A5s, Op...",₹149
36,Flipkart SmartBuy Back Cover for Realme C15,₹149
37,Flipkart SmartBuy Back Cover for Motorola Moto G 5G,₹149
38,Flipkart SmartBuy Back Cover for Mi Redmi 8A Dual,₹149
39,Power Back Cover for Oneplus Nord,₹139
